City_ID,City,Country,Date,Lat,Lng,Max Temp,Humidity,Cloudiness,Wind Speed,Current Description
0,Guerrero Negro,MX,2020-09-03 21:03:01,27.98,-114.06,82.54,51,0,14.85,clear sky
1,Barrow,US,2020-09-03 21:00:06,71.29,-156.79,37.4,86,90,18.34,overcast clouds
2,Eyl,SO,2020-09-03 21:03:40,7.98,49.82,76.1,79,31,23.64,scattered clouds
3,Sulangan,PH,2020-09-03 20:50:12,11.14,123.72,83.95,72,100,4.16,overcast clouds
4,Butaritari,KI,2020-09-03 20:59:33,3.07,172.79,82.81,66,21,1.48,few clouds
5,Padang,ID,2020-09-03 21:01:18,-0.95,100.35,76.6,81,94,2.98,overcast clouds
6,Uaua,BR,2020-09-03 20:54:02,-9.84,-39.48,76.96,57,91,21.21,overcast clouds
7,Sorland,NO,2020-09-03 20:54:03,67.67,12.69,62.6,51,45,11.41,scattered clouds
8,Rocha,UY,2020-09-03 20:54:03,-34.48,-54.33,50.2,83,67,7.25,broken clouds
9,Tasiilaq,GL,2020-09-03 21:03:41,65.61,-37.64,41.0,75,0,10.29,clear sky
10,Busselton,AU,2020-09-03 21:03:41,-33.65,115.33,59.0,76,86,10.4,overcast clouds
11,Wuwei,CN,2020-09-03 20:54:04,37.93,102.64,58.53,36,0,1.41,clear sky
12,Port Alfred,ZA,2020-09-03 21:03:42,-33.59,26.89,62.83,65,41,16.4,scattered clouds
13,East London,ZA,2020-09-03 21:03:42,-33.02,27.91,63.45,52,0,7.83,clear sky
14,Nhulunbuy,AU,2020-09-03 20:54:04,-12.23,136.77,71.6,100,25,3.36,scattered clouds
15,Maceio,BR,2020-09-03 20:54:04,-9.67,-35.74,77.0,69,20,9.17,few clouds
16,Dikson,RU,2020-09-03 21:03:43,73.51,80.55,40.75,93,100,12.66,overcast clouds
17,Port Blair,IN,2020-09-03 20:50:10,11.67,92.75,81.99,76,24,4.38,few clouds
18,Punta Arenas,CL,2020-09-03 21:03:43,-53.15,-70.92,44.6,75,40,9.17,scattered clouds
19,Kaitangata,NZ,2020-09-03 21:03:43,-46.28,169.85,45.0,72,100,1.99,overcast clouds
20,Albany,US,2020-09-03 21:00:42,42.6,-73.97,73.99,67,99,2.04,overcast clouds
21,Chuy,UY,2020-09-03 21:03:43,-33.7,-53.46,53.02,83,89,5.3,overcast clouds
22,Qaanaaq,GL,2020-09-03 21:03:19,77.48,-69.36,26.71,85,85,3.2,overcast clouds
23,Mahebourg,MU,2020-09-03 21:03:44,-20.41,57.7,66.2,72,20,9.17,few clouds
24,Nabire,ID,2020-09-03 21:03:44,-3.37,135.48,75.79,85,100,2.55,light rain
25,Mareeba,AU,2020-09-03 21:00:08,-17.0,145.43,68.0,94,80,1.01,broken clouds
26,Bay Roberts,CA,2020-09-03 21:03:44,47.6,-53.26,64.0,87,4,11.99,clear sky
27,Umm Kaddadah,SD,2020-09-03 20:54:06,13.6,26.69,84.76,50,0,5.68,clear sky
28,Bambanglipuro,ID,2020-09-03 20:49:12,-7.95,110.28,75.16,91,77,6.62,broken clouds
29,Cherskiy,RU,2020-09-03 21:03:45,68.75,161.3,38.16,75,49,4.99,scattered clouds
30,Kungurtug,RU,2020-09-03 20:54:07,50.6,97.52,48.61,65,70,1.99,broken clouds
31,Enid,US,2020-09-03 20:54:07,36.4,-97.88,95.0,46,1,6.93,clear sky
32,Noumea,NC,2020-09-03 20:54:08,-22.28,166.46,66.2,59,90,9.17,overcast clouds
33,Ushuaia,AR,2020-09-03 21:00:48,-54.8,-68.3,39.2,86,75,11.41,light intensity drizzle
34,Georgetown,MY,2020-09-03 21:03:46,5.41,100.34,80.6,88,20,3.36,few clouds
35,Mount Isa,AU,2020-09-03 21:00:41,-20.73,139.5,53.6,50,0,10.07,clear sky
36,Toora-Khem,RU,2020-09-03 20:54:08,52.47,96.11,47.44,86,10,1.36,clear sky
37,Teguldet,RU,2020-09-03 20:54:09,57.31,88.17,52.02,97,100,5.55,overcast clouds
38,Avarua,CK,2020-09-03 21:03:07,-21.21,-159.78,80.6,78,92,13.87,overcast clouds
39,Longyearbyen,SJ,2020-09-03 21:00:12,78.22,15.64,42.8,93,75,2.24,light rain
40,Patan,NP,2020-09-03 20:54:09,27.67,85.33,73.4,88,75,3.36,broken clouds
41,Torbay,CA,2020-09-03 21:03:20,47.67,-52.73,66.2,68,75,20.8,broken clouds
42,Panacan,PH,2020-09-03 20:54:09,9.25,118.41,80.55,73,83,3.0,broken clouds
43,Norman Wells,CA,2020-09-03 20:59:58,65.28,-126.83,53.6,66,75,8.05,broken clouds
44,Dabakala,CI,2020-09-03 20:54:10,8.37,-4.43,73.11,94,89,3.67,light rain
45,Corrente,BR,2020-09-03 20:54:10,-3.74,-43.34,85.19,32,92,2.46,overcast clouds
46,Mataura,NZ,2020-09-03 21:03:48,-46.19,168.86,45.0,72,100,11.01,overcast clouds
47,Hermanus,ZA,2020-09-03 21:03:48,-34.42,19.23,57.99,78,96,10.65,overcast clouds
48,Thompson,CA,2020-09-03 21:03:48,55.74,-97.86,53.6,76,75,14.99,light intensity shower rain
49,Kahului,US,2020-09-03 21:00:43,20.89,-156.47,87.8,48,40,16.11,scattered clouds
50,Jamestown,US,2020-09-03 21:03:49,42.1,-79.24,75.99,64,1,6.93,clear sky
51,Chokurdakh,RU,2020-09-03 20:59:44,70.63,147.92,39.43,73,72,6.98,broken clouds
52,Mount Gambier,AU,2020-09-03 21:03:49,-37.83,140.77,46.4,93,75,10.29,light intensity shower rain
53,Kununurra,AU,2020-09-03 21:03:49,-15.77,128.73,73.4,84,0,3.36,clear sky
54,Pisco,PE,2020-09-03 21:03:50,-13.7,-76.22,64.4,72,44,19.46,scattered clouds
55,Iquitos,PE,2020-09-03 20:52:53,-3.75,-73.25,89.6,62,75,4.7,broken clouds
56,New Norfolk,AU,2020-09-03 21:03:50,-42.78,147.06,46.99,75,87,1.99,overcast clouds
57,Maniitsoq,GL,2020-09-03 20:54:12,65.42,-52.9,47.86,53,100,9.15,overcast clouds
58,Khatanga,RU,2020-09-03 21:00:06,71.97,102.5,41.85,84,100,15.93,overcast clouds
59,Kloulklubed,PW,2020-09-03 20:54:13,7.04,134.26,84.24,70,100,6.89,overcast clouds
60,Tiksi,RU,2020-09-03 21:03:51,71.69,128.87,41.32,84,8,7.29,clear sky
61,Bredasdorp,ZA,2020-09-03 20:59:34,-34.53,20.04,53.6,93,94,2.24,overcast clouds
62,Tanete,ID,2020-09-03 20:54:13,-3.94,119.78,73.24,92,68,4.43,broken clouds
63,Santa Paula,US,2020-09-03 20:54:14,34.35,-119.06,82.0,54,1,11.41,clear sky
64,Ribeira Grande,PT,2020-09-03 21:03:52,38.52,-28.7,75.2,73,40,2.24,scattered clouds
65,Saint-Augustin,CA,2020-09-03 20:54:14,51.23,-58.65,68.18,67,68,13.62,broken clouds
66,Bubaque,GW,2020-09-03 21:03:52,11.28,-15.83,79.61,81,100,18.81,overcast clouds
67,Rikitea,PF,2020-09-03 21:03:52,-23.12,-134.97,72.19,84,0,9.78,clear sky
68,Bethel,US,2020-09-03 21:03:52,41.37,-73.41,81.0,42,1,8.05,clear sky
69,Clyde River,CA,2020-09-03 21:03:53,70.47,-68.59,42.8,81,75,8.05,broken clouds
70,Yulara,AU,2020-09-03 21:03:53,-25.24,130.99,57.2,30,72,9.17,broken clouds
71,Pimenta Bueno,BR,2020-09-03 20:51:07,-11.67,-61.19,101.44,13,1,3.85,clear sky
72,Nam Som,TH,2020-09-03 20:54:15,17.77,102.19,76.19,86,61,2.19,broken clouds
73,Brewster,US,2020-09-03 20:53:59,41.4,-73.62,80.6,42,1,8.05,clear sky
74,The Pas,CA,2020-09-03 20:54:15,53.83,-101.25,56.1,52,83,16.49,broken clouds
75,Castro,BR,2020-09-03 21:01:07,-24.79,-50.01,67.77,70,0,5.14,clear sky
76,Leningradskiy,RU,2020-09-03 21:03:54,69.38,178.42,35.56,92,100,1.25,overcast clouds
77,Cape Town,ZA,2020-09-03 21:02:39,-33.93,18.42,57.0,93,98,4.7,overcast clouds
78,Hithadhoo,MV,2020-09-03 21:01:54,-0.6,73.08,81.72,78,15,13.91,few clouds
79,Te Anau,NZ,2020-09-03 21:03:54,-45.42,167.72,47.43,81,100,10.04,overcast clouds
80,Lebu,CL,2020-09-03 21:03:55,-37.62,-73.65,51.1,69,12,6.33,few clouds
81,Alyangula,AU,2020-09-03 20:49:30,-13.85,136.42,64.4,100,90,7.2,overcast clouds
82,Adrar,MR,2020-09-03 21:03:55,20.5,-10.07,100.44,20,59,9.51,broken clouds
83,Sur,OM,2020-09-03 21:03:55,22.57,59.53,83.57,50,98,5.95,overcast clouds
84,Vaini,TO,2020-09-03 21:03:55,-21.2,-175.2,71.6,78,20,16.11,few clouds
85,Luderitz,NA,2020-09-03 20:54:17,-26.65,15.16,57.63,53,0,2.8,clear sky
86,Broome,US,2020-09-03 21:03:56,42.25,-75.83,73.0,73,40,11.41,scattered clouds
87,Acapulco,MX,2020-09-03 21:03:56,16.86,-99.89,87.8,66,40,11.41,scattered clouds
88,Kavieng,PG,2020-09-03 21:03:56,-2.57,150.8,82.27,77,96,4.63,overcast clouds
89,Kushiro,JP,2020-09-03 20:54:18,42.98,144.37,65.03,96,99,5.03,overcast clouds
90,San Cristobal,VE,2020-09-03 21:02:56,7.77,-72.22,89.6,49,40,16.11,thunderstorm
91,Bonthe,SL,2020-09-03 20:54:18,7.53,-12.51,77.05,81,100,8.39,overcast clouds
92,Acarau,BR,2020-09-03 21:03:57,-2.89,-40.12,78.69,67,19,16.6,few clouds
93,Yerbogachen,RU,2020-09-03 20:54:19,61.28,108.01,49.37,75,100,5.35,overcast clouds
94,Hilo,US,2020-09-03 21:03:00,19.73,-155.09,82.4,58,75,5.82,broken clouds
95,Esperance,AU,2020-09-03 21:00:11,-33.87,121.9,48.2,93,28,10.29,scattered clouds
96,Roma,US,2020-09-03 21:03:52,43.21,-75.46,77.0,60,75,9.17,broken clouds
97,Pilot Butte,CA,2020-09-03 20:54:19,50.47,-104.42,68.0,37,75,25.28,broken clouds
98,Kapaa,US,2020-09-03 21:03:58,22.08,-159.32,84.2,66,20,12.75,few clouds
99,Hobart,AU,2020-09-03 21:03:27,-42.88,147.33,48.2,61,40,9.17,scattered clouds
100,Bluff,NZ,2020-09-03 21:03:58,-46.6,168.33,45.0,72,100,11.01,overcast clouds
101,Coahuayana,MX,2020-09-03 20:54:20,18.73,-103.68,82.4,78,75,11.41,broken clouds
102,Yellowknife,CA,2020-09-03 21:01:27,62.46,-114.35,51.8,49,40,5.82,scattered clouds
103,Goderich,CA,2020-09-03 20:59:38,43.75,-81.72,81.0,66,32,23.49,scattered clouds
104,Namatanai,PG,2020-09-03 21:03:59,-3.67,152.43,81.0,79,100,4.21,overcast clouds
105,Krasnyy Chikoy,RU,2020-09-03 20:54:21,50.36,108.75,45.55,86,0,1.07,clear sky
106,Algiers,DZ,2020-09-03 20:52:12,36.75,3.04,75.2,60,0,11.41,clear sky
107,Atuona,PF,2020-09-03 21:04:00,-9.8,-139.03,78.28,77,5,19.71,clear sky
108,Tual,ID,2020-09-03 21:04:00,-5.67,132.75,79.97,83,56,20.89,broken clouds
109,Kodiak,US,2020-09-03 21:04:00,57.79,-152.41,51.22,72,76,1.28,light rain
110,Kimbe,PG,2020-09-03 20:54:22,-5.55,150.14,77.47,85,29,5.23,scattered clouds
111,Sfantu Gheorghe,RO,2020-09-03 20:54:22,45.87,25.78,61.0,90,100,3.11,light rain
112,Perth,AU,2020-09-03 20:50:03,-31.93,115.83,62.01,77,90,4.7,overcast clouds
113,Brokopondo,SR,2020-09-03 20:54:22,4.75,-55.17,87.48,63,11,0.07,few clouds
114,Kieta,PG,2020-09-03 21:04:01,-6.22,155.63,81.68,72,82,4.03,broken clouds
115,Grindavik,IS,2020-09-03 21:04:01,63.84,-22.43,44.6,75,75,28.86,broken clouds
116,Metaxades,GR,2020-09-03 20:54:23,41.42,26.23,73.4,83,19,4.7,few clouds
117,Kifri,IQ,2020-09-03 20:54:23,34.7,44.97,90.88,12,0,10.8,clear sky
118,Isangel,VU,2020-09-03 21:04:02,-19.55,169.27,69.8,68,75,19.55,broken clouds
119,Elizabeth City,US,2020-09-03 21:04:02,36.29,-76.25,97.0,50,1,13.87,clear sky
120,Lompoc,US,2020-09-03 21:04:03,34.64,-120.46,68.0,72,1,17.22,clear sky
121,Makungu,TZ,2020-09-03 20:54:24,-8.73,35.28,59.9,72,1,3.49,clear sky
122,Nemuro,JP,2020-09-03 20:54:24,43.32,145.57,61.32,93,81,10.42,broken clouds
123,Caravelas,BR,2020-09-03 20:59:54,-17.71,-39.25,72.16,81,65,5.99,broken clouds
124,Yevsino,RU,2020-09-03 20:54:25,54.42,83.32,49.8,89,100,11.92,overcast clouds
125,Touros,BR,2020-09-03 20:59:49,-5.2,-35.46,78.8,74,40,13.87,scattered clouds
126,Iqaluit,CA,2020-09-03 21:04:04,63.75,-68.51,48.2,66,90,13.87,overcast clouds
127,Komsomolskiy,UZ,2020-09-03 20:50:22,40.43,71.72,66.2,55,0,11.41,clear sky
128,Hailar,CN,2020-09-03 20:54:25,49.2,119.7,53.47,76,100,21.21,light rain
129,Carnarvon,AU,2020-09-03 21:00:07,-24.87,113.63,62.6,93,0,12.75,clear sky
130,Byron Bay,AU,2020-09-03 21:04:04,-28.65,153.62,61.0,87,90,1.12,overcast clouds
131,Nikolskoye,RU,2020-09-03 21:04:04,59.7,30.79,64.0,88,75,4.47,light intensity shower rain
132,Bathsheba,BB,2020-09-03 21:04:05,13.22,-59.52,80.6,83,75,10.29,light rain
133,Sinnamary,GF,2020-09-03 21:04:05,5.38,-52.95,81.88,76,0,11.03,clear sky
134,Takoradi,GH,2020-09-03 20:54:26,4.88,-1.76,75.63,88,36,8.75,scattered clouds
135,Deputatskiy,RU,2020-09-03 21:04:05,69.3,139.9,32.16,98,2,3.74,clear sky
136,Pringsewu,ID,2020-09-03 21:04:06,-5.36,104.97,72.9,90,98,0.76,overcast clouds
137,Keningau,MY,2020-09-03 20:53:50,5.34,116.16,75.2,100,20,4.7,few clouds
138,Muzaffarabad,PK,2020-09-03 20:54:27,34.37,73.47,71.83,63,12,2.98,few clouds
139,Tarakan,ID,2020-09-03 20:54:27,3.3,117.63,78.28,85,98,7.34,heavy intensity rain
140,Carutapera,BR,2020-09-03 20:51:09,-1.2,-46.02,79.68,75,64,8.61,broken clouds
141,Allapalli,IN,2020-09-03 20:54:28,19.42,80.07,75.47,90,69,1.99,broken clouds
142,Olinda,BR,2020-09-03 21:02:11,-8.01,-34.86,78.8,69,40,11.41,scattered clouds
143,Samfya,ZM,2020-09-03 20:54:28,-11.36,29.56,68.49,52,6,9.84,clear sky
144,Sao Filipe,CV,2020-09-03 21:04:07,14.9,-24.5,79.59,82,24,11.95,light rain
145,Paso De Los Toros,UY,2020-09-03 20:54:29,-32.82,-56.52,51.8,81,90,9.17,overcast clouds
146,Whitehorse,CA,2020-09-03 20:49:59,60.72,-135.05,57.2,50,75,12.75,broken clouds
147,Cockburn Town,TC,2020-09-03 21:04:08,21.46,-71.14,83.16,80,99,17.98,overcast clouds
148,Mar Del Plata,AR,2020-09-03 21:02:11,-38.0,-57.56,57.2,58,20,13.87,few clouds
149,Camapua,BR,2020-09-03 20:54:29,-19.53,-54.04,91.98,19,48,4.54,scattered clouds
150,Talara,PE,2020-09-03 21:03:23,-4.58,-81.27,65.26,75,9,18.57,clear sky
151,Victoria,HK,2020-09-03 21:02:15,22.29,114.16,84.0,79,80,4.9,broken clouds
152,Rawson,AR,2020-09-03 21:04:08,-43.3,-65.1,56.79,37,100,16.53,overcast clouds
153,Gunjur,GM,2020-09-03 20:54:30,13.2,-16.73,77.0,94,75,3.36,broken clouds
154,Sao Felix Do Xingu,BR,2020-09-03 21:04:09,-6.64,-51.99,91.67,24,63,2.13,broken clouds
155,Aden,YE,2020-09-03 21:03:47,12.78,45.04,87.62,65,0,2.48,clear sky
156,Cabo San Lucas,MX,2020-09-03 21:04:10,22.89,-109.91,89.6,66,40,6.93,scattered clouds
157,Bozeman,US,2020-09-03 20:54:31,45.68,-111.04,84.0,21,1,5.82,clear sky
158,Lavrentiya,RU,2020-09-03 21:04:10,65.58,-171.0,40.84,79,100,7.94,overcast clouds
159,Jacareacanga,BR,2020-09-03 20:54:31,-6.22,-57.75,92.57,35,68,3.94,broken clouds
160,Nara,JP,2020-09-03 21:04:10,34.69,135.8,81.0,83,75,5.82,broken clouds
161,Banes,CU,2020-09-03 20:54:32,20.96,-75.72,91.4,55,75,16.11,broken clouds
162,Severo-Kurilsk,RU,2020-09-03 21:04:11,50.68,156.12,53.28,92,100,15.41,overcast clouds
163,Acajutla,SV,2020-09-03 20:51:43,13.59,-89.83,70.0,100,99,1.48,overcast clouds
164,Faya,SA,2020-09-03 21:04:11,18.39,42.45,73.4,28,0,8.05,clear sky
165,Neepawa,CA,2020-09-03 20:51:09,50.23,-99.47,64.4,39,20,24.16,few clouds
166,Tuktoyaktuk,CA,2020-09-03 21:04:12,69.45,-133.04,51.8,71,75,14.99,broken clouds
167,Marsa Matruh,EG,2020-09-03 21:04:12,31.35,27.25,78.8,83,40,9.17,scattered clouds
168,Thaba-Tseka,LS,2020-09-03 20:54:33,-29.52,28.61,44.87,69,0,2.3,clear sky
169,Lumphat,KH,2020-09-03 20:54:33,13.49,106.98,74.12,97,55,3.2,broken clouds
170,Pokrovsk,UA,2020-09-03 20:54:34,48.28,37.18,77.45,36,100,16.26,overcast clouds
171,Samarai,PG,2020-09-03 21:04:13,-10.62,150.67,78.06,84,84,15.37,broken clouds
172,Avera,US,2020-09-03 20:59:42,33.19,-82.53,93.2,49,1,8.05,clear sky
173,Kalabo,ZM,2020-09-03 20:54:34,-14.97,22.68,71.24,29,0,7.27,clear sky
174,Vieste,IT,2020-09-03 20:54:35,41.88,16.18,77.0,60,40,8.05,scattered clouds
175,Pevek,RU,2020-09-03 21:04:13,69.7,170.31,35.02,95,93,10.31,overcast clouds
176,Tongliao,CN,2020-09-03 20:54:35,43.61,122.27,57.0,91,100,15.08,moderate rain
177,Buritizeiro,BR,2020-09-03 20:54:35,-17.35,-44.96,78.96,25,42,5.86,scattered clouds
178,Omsukchan,RU,2020-09-03 21:04:14,62.53,155.8,41.97,67,81,3.78,broken clouds
179,Arraial Do Cabo,BR,2020-09-03 21:04:14,-22.97,-42.03,75.2,73,0,20.8,clear sky
180,Xuanhua,CN,2020-09-03 20:54:36,40.61,115.04,56.57,54,0,3.22,clear sky
181,Tazovskiy,RU,2020-09-03 20:54:36,67.47,78.7,44.08,84,87,17.4,overcast clouds
182,Lewistown,US,2020-09-03 20:49:57,40.6,-77.57,72.0,94,90,4.7,mist
183,Tateyama,JP,2020-09-03 20:54:37,34.98,139.87,81.0,90,58,10.87,light rain
184,Narsaq,GL,2020-09-03 21:04:15,60.92,-46.05,50.0,43,100,3.36,moderate rain
185,Utica,US,2020-09-03 20:54:37,43.1,-75.23,75.2,60,75,9.17,broken clouds
186,Sistranda,NO,2020-09-03 21:04:16,63.73,8.83,59.0,76,75,6.93,broken clouds
187,Newport,GB,2020-09-03 21:01:04,51.59,-3.0,62.01,81,97,1.01,overcast clouds
188,Sorong,ID,2020-09-03 21:04:16,-0.88,131.25,78.42,85,99,4.9,light rain
189,Kysyl-Syr,RU,2020-09-03 20:54:38,63.9,122.76,50.81,96,54,3.62,broken clouds
190,Hamilton,US,2020-09-03 21:04:16,39.18,-84.53,84.99,62,90,16.11,overcast clouds
191,Namibe,AO,2020-09-03 21:04:17,-15.2,12.15,63.09,74,63,2.13,broken clouds
192,Amahai,ID,2020-09-03 20:54:38,-3.33,128.92,76.57,87,80,2.3,broken clouds
193,Laguna,US,2020-09-03 21:04:17,38.42,-121.42,89.01,37,5,3.36,clear sky
194,Saskylakh,RU,2020-09-03 21:04:17,71.92,114.08,49.86,91,100,11.39,light rain
195,Pierre,US,2020-09-03 20:54:09,44.37,-100.35,75.99,28,1,13.87,clear sky
196,Rongcheng,CN,2020-09-03 20:54:39,30.63,117.85,70.11,72,51,2.39,broken clouds
197,Yashkul,RU,2020-09-03 20:54:39,46.17,45.34,74.3,38,0,10.71,clear sky
198,Peachland,CA,2020-09-03 21:00:14,49.77,-119.74,79.0,40,0,0.29,clear sky
199,Salalah,OM,2020-09-03 21:04:18,17.02,54.09,80.6,83,75,3.36,broken clouds
200,Margate,GB,2020-09-03 21:04:18,51.38,1.39,66.0,91,100,1.99,overcast clouds
201,Rio Tercero,AR,2020-09-03 20:54:40,-32.17,-64.11,61.0,49,0,1.99,clear sky
202,Kadyy,RU,2020-09-03 20:54:40,57.79,43.19,49.84,80,95,5.03,overcast clouds
203,Havre-Saint-Pierre,CA,2020-09-03 20:54:41,50.23,-63.6,60.8,77,1,17.22,clear sky
204,Raigarh,IN,2020-09-03 20:54:41,21.9,83.4,76.6,81,62,1.25,broken clouds
205,Montlucon,FR,2020-09-03 20:54:41,46.33,2.6,55.99,79,65,3.87,broken clouds
206,Idah,NG,2020-09-03 20:54:41,7.11,6.73,76.06,88,39,4.18,scattered clouds
207,Fehergyarmat,HU,2020-09-03 20:54:42,47.98,22.52,61.0,87,93,4.7,overcast clouds
208,Sao Paulo De Olivenca,BR,2020-09-03 20:54:42,-3.38,-68.87,85.87,65,55,2.71,broken clouds
209,Mago,RU,2020-09-03 20:54:42,53.25,140.18,56.82,94,100,10.13,moderate rain
210,Puerto Ayora,EC,2020-09-03 21:04:20,-0.74,-90.35,75.2,60,20,17.22,few clouds
211,Kontagora,NG,2020-09-03 20:54:42,10.4,5.47,73.89,93,9,0.36,light rain
212,Bowen,AU,2020-09-03 20:50:57,-20.02,148.23,60.8,100,75,5.82,broken clouds
213,Puerto El Triunfo,SV,2020-09-03 20:54:43,13.28,-88.55,86.0,70,40,4.7,shower rain
214,Jacqueville,CI,2020-09-03 21:04:20,5.21,-4.41,77.0,88,40,9.17,scattered clouds
215,Christchurch,NZ,2020-09-03 20:50:32,-43.53,172.63,41.0,93,70,2.24,broken clouds
216,Canchungo,GW,2020-09-03 20:54:43,12.07,-16.03,77.0,100,90,6.93,light rain
217,Bambous Virieux,MU,2020-09-03 21:04:21,-20.34,57.76,66.2,72,20,9.17,few clouds
218,San Patricio,MX,2020-09-03 21:04:21,19.22,-104.7,89.6,75,40,11.41,scattered clouds
219,Port Shepstone,ZA,2020-09-03 21:04:21,-30.74,30.45,64.18,85,4,5.19,clear sky
220,Gigmoto,PH,2020-09-03 21:04:22,13.78,124.39,80.96,79,87,4.97,overcast clouds
221,Nouakchott,MR,2020-09-03 21:01:12,18.09,-15.98,86.0,74,10,9.17,clear sky
222,Bethanien,NA,2020-09-03 20:54:44,-26.5,17.16,61.68,21,0,8.43,clear sky
223,Kiama,AU,2020-09-03 20:54:45,-34.68,150.87,63.0,59,94,7.0,overcast clouds
224,Minab,IR,2020-09-03 20:54:45,27.15,57.08,82.4,37,0,1.32,clear sky
225,Klaksvik,FO,2020-09-03 21:04:22,62.23,-6.59,51.8,93,59,16.11,light rain
226,Cidreira,BR,2020-09-03 21:04:23,-30.18,-50.21,57.81,85,73,8.84,light rain
227,Yele,CM,2020-09-03 20:54:45,10.73,13.59,66.11,100,94,2.33,overcast clouds
228,Saint-Philippe,RE,2020-09-03 21:04:23,-21.36,55.77,64.4,77,40,6.93,scattered clouds
229,Ulladulla,AU,2020-09-03 21:04:23,-35.35,150.47,57.2,71,96,8.05,overcast clouds
230,Awjilah,LY,2020-09-03 20:54:46,29.11,21.29,88.93,25,0,13.53,clear sky
231,Puerto Escondido,MX,2020-09-03 20:50:58,15.85,-97.07,87.8,58,75,4.7,broken clouds
232,Bosaso,SO,2020-09-03 20:54:47,11.28,49.18,91.49,49,0,4.76,clear sky
233,Bukachacha,RU,2020-09-03 20:54:47,52.98,116.92,47.89,81,95,5.39,overcast clouds
234,Mallaig,CA,2020-09-03 20:54:47,54.22,-111.37,64.62,46,19,14.5,few clouds
235,Ampanihy,MG,2020-09-03 20:54:47,-24.7,44.75,59.27,75,2,10.92,clear sky
236,Fairbanks,US,2020-09-03 21:01:45,64.84,-147.72,59.0,67,40,4.7,scattered clouds
237,Goundi,TD,2020-09-03 20:54:48,9.36,17.37,71.67,95,58,1.72,broken clouds
238,Panalingaan,PH,2020-09-03 20:54:48,8.78,117.42,79.32,79,12,3.62,few clouds
239,Asilah,MA,2020-09-03 20:54:48,35.47,-6.03,78.8,44,0,24.16,clear sky
240,Novobiryusinskiy,RU,2020-09-03 20:54:49,56.96,97.71,56.98,95,100,5.32,overcast clouds
241,Saquarema,BR,2020-09-03 20:50:10,-22.92,-42.51,75.2,73,0,18.34,clear sky
242,Marihatag,PH,2020-09-03 20:54:49,8.79,126.3,78.6,84,99,3.78,overcast clouds
243,Berdigestyakh,RU,2020-09-03 20:54:49,62.1,126.7,49.15,87,0,4.76,clear sky
244,Saint George,US,2020-09-03 21:04:06,37.1,-113.58,102.99,8,1,4.7,clear sky
245,Caala,AO,2020-09-03 20:54:50,-12.85,15.56,67.8,41,80,1.52,broken clouds
246,Geraldton,AU,2020-09-03 21:01:51,-28.77,114.6,48.2,93,0,8.05,clear sky
247,Oranjestad,AW,2020-09-03 20:54:50,12.52,-70.03,87.8,66,20,16.11,few clouds
248,Aswan,EG,2020-09-03 21:04:26,24.09,32.91,87.94,12,0,10.45,clear sky
249,Krasnoselkup,RU,2020-09-03 21:04:27,65.7,82.47,42.42,89,0,11.23,clear sky
250,Mae Hong Son,TH,2020-09-03 20:54:51,19.3,97.97,73.69,86,92,0.29,overcast clouds
251,Upernavik,GL,2020-09-03 21:04:27,72.79,-56.15,38.32,72,0,10.51,clear sky
252,Camacha,PT,2020-09-03 20:54:51,33.08,-16.33,71.6,73,20,8.05,few clouds
253,Ilulissat,GL,2020-09-03 21:04:27,69.22,-51.1,41.0,48,5,5.82,clear sky
254,Ahipara,NZ,2020-09-03 21:04:28,-35.17,173.17,54.14,71,0,7.56,clear sky
255,Pleshanovo,RU,2020-09-03 20:54:52,52.83,53.48,47.5,83,0,7.56,clear sky
256,Maragogi,BR,2020-09-03 20:54:52,-9.01,-35.22,73.89,82,62,10.0,broken clouds
257,Leh,IN,2020-09-03 20:51:40,34.17,77.58,59.65,37,35,7.0,scattered clouds
258,San Jose,US,2020-09-03 20:54:10,37.34,-121.89,77.0,48,0,1.99,clear sky
259,Santa Rosa,PH,2020-09-03 20:54:52,14.31,121.11,82.4,78,100,3.36,overcast clouds
260,Malanje,AO,2020-09-03 20:54:53,-9.54,16.34,73.56,62,86,5.03,overcast clouds
261,Fortuna,US,2020-09-03 21:02:54,40.6,-124.16,66.99,77,20,9.17,few clouds
262,Sovetskiy,RU,2020-09-03 21:02:46,61.36,63.58,46.22,70,94,9.86,overcast clouds
263,Los Llanos De Aridane,ES,2020-09-03 21:04:29,28.66,-17.92,75.2,73,90,9.17,overcast clouds
264,Pitimbu,BR,2020-09-03 20:54:53,-7.47,-34.81,77.0,69,20,12.75,few clouds
265,Yangjiang,CN,2020-09-03 20:54:54,21.85,111.97,79.92,85,100,1.79,overcast clouds
266,Pishin,PK,2020-09-03 20:54:54,30.58,67.0,67.24,22,0,1.72,clear sky
267,Belaya Gora,RU,2020-09-03 20:54:54,68.53,146.42,38.46,76,1,5.57,clear sky
268,Oyama,JP,2020-09-03 20:52:01,36.3,139.8,86.0,94,20,1.12,fog
269,Gimli,CA,2020-09-03 21:04:30,50.63,-96.99,62.01,83,88,11.99,overcast clouds
270,Ponta Do Sol,PT,2020-09-03 21:04:30,32.67,-17.1,73.4,64,75,12.75,broken clouds
271,Lazaro Cardenas,MX,2020-09-03 21:04:31,17.96,-102.2,84.78,77,21,8.57,few clouds
272,Kismayo,SO,2020-09-03 21:04:31,-0.36,42.55,77.2,77,7,17.69,clear sky
273,Sayyan,YE,2020-09-03 20:54:55,15.17,44.32,62.96,34,2,11.05,clear sky
274,Odenton,US,2020-09-03 20:54:55,39.08,-76.7,88.0,79,40,8.05,scattered clouds
275,Novodolinskiy,KZ,2020-09-03 20:54:56,49.7,72.7,50.0,81,75,8.95,broken clouds
276,Port Elizabeth,ZA,2020-09-03 21:04:32,-33.92,25.57,60.8,87,33,6.93,scattered clouds
277,Bairnsdale,AU,2020-09-03 20:54:56,-37.83,147.62,42.01,81,0,5.7,clear sky
278,Nampula,MZ,2020-09-03 20:54:57,-15.12,39.27,64.4,77,75,11.41,broken clouds
279,America Dourada,BR,2020-09-03 20:54:57,-11.46,-41.44,71.94,41,38,7.54,scattered clouds
280,Valleyview,CA,2020-09-03 20:54:57,55.07,-117.29,64.08,40,100,13.8,overcast clouds
281,Smithers,CA,2020-09-03 20:54:57,54.78,-127.17,57.2,76,75,3.36,broken clouds
282,Sao Joao Da Barra,BR,2020-09-03 21:02:55,-21.64,-41.05,77.0,69,2,20.8,clear sky
283,Lagoa,PT,2020-09-03 21:03:03,39.05,-27.98,74.14,74,47,3.87,scattered clouds
284,Kitgum,UG,2020-09-03 20:54:58,3.28,32.89,65.34,89,0,1.92,clear sky
285,Praia Da Vitoria,PT,2020-09-03 21:04:33,38.73,-27.07,75.2,78,75,0.72,broken clouds
286,Isla Vista,US,2020-09-03 20:54:49,34.41,-119.86,84.99,69,20,9.17,haze
287,Haines Junction,CA,2020-09-03 20:59:42,60.75,-137.51,53.94,53,81,7.45,broken clouds
288,Naze,JP,2020-09-03 21:04:33,28.37,129.48,78.8,100,20,2.24,few clouds
289,Inhambane,MZ,2020-09-03 21:04:34,-23.86,35.38,65.12,74,1,10.13,clear sky
290,Half Moon Bay,US,2020-09-03 21:04:34,37.46,-122.43,73.99,82,75,13.87,haze
291,Petrokamenskoye,RU,2020-09-03 20:54:59,57.72,60.65,39.76,88,1,5.53,clear sky
292,Broken Hill,AU,2020-09-03 20:59:55,-31.95,141.43,50.0,61,19,6.93,few clouds
293,Pacific Grove,US,2020-09-03 20:53:11,36.62,-121.92,66.2,68,40,11.41,scattered clouds
294,Buala,SB,2020-09-03 21:04:35,-8.14,159.59,82.45,76,99,10.87,moderate rain
295,Muros,ES,2020-09-03 20:55:00,42.78,-9.06,70.0,72,0,4.83,clear sky
296,Salinopolis,BR,2020-09-03 21:04:35,-0.61,-47.36,80.65,79,7,12.88,clear sky
297,Fort Nelson,CA,2020-09-03 20:55:00,58.81,-122.7,66.2,39,40,9.17,shower rain
298,Waitati,NZ,2020-09-03 20:50:05,-45.75,170.57,48.0,65,100,8.01,overcast clouds
299,Miles City,US,2020-09-03 20:53:40,46.41,-105.84,73.4,23,20,6.93,few clouds
300,Asfi,MA,2020-09-03 21:02:33,32.3,-9.24,71.31,83,3,2.21,clear sky
301,Pedernales,DO,2020-09-03 20:51:25,18.04,-71.74,89.6,66,75,14.99,broken clouds
302,Hualmay,PE,2020-09-03 21:04:36,-11.1,-77.61,64.96,70,40,13.0,scattered clouds
303,Astoria,US,2020-09-03 21:04:37,46.19,-123.83,80.01,60,1,8.05,clear sky
304,Palasa,IN,2020-09-03 20:55:01,18.77,84.42,79.3,84,100,3.0,overcast clouds
305,Hagere Selam,ET,2020-09-03 20:55:01,6.48,38.52,49.89,98,97,2.71,overcast clouds
306,Hearst,CA,2020-09-03 21:00:20,49.68,-83.67,55.71,77,71,20.6,broken clouds
307,San Andres,CO,2020-09-03 20:55:02,12.58,-81.7,84.2,79,40,3.36,scattered clouds
308,Brae,GB,2020-09-03 21:04:38,60.4,-1.35,53.6,81,9,18.34,clear sky
309,Saldanha,ZA,2020-09-03 20:59:42,-33.01,17.94,57.2,76,96,5.82,overcast clouds
310,Asmar,AF,2020-09-03 21:04:39,35.03,71.36,72.66,58,0,3.02,clear sky
311,Dingle,PH,2020-09-03 21:04:30,11.0,122.67,76.51,85,99,1.9,overcast clouds
312,Sestri Levante,IT,2020-09-03 20:55:03,44.27,9.4,70.0,82,0,1.01,clear sky
313,Muisne,EC,2020-09-03 20:55:04,0.6,-80.03,82.4,78,75,9.17,broken clouds
314,Pochutla,MX,2020-09-03 20:55:04,15.74,-96.47,89.6,59,90,8.05,overcast clouds
315,Sitka,US,2020-09-03 21:04:40,57.05,-135.33,57.2,82,90,5.82,overcast clouds
316,Keti Bandar,PK,2020-09-03 20:55:05,24.14,67.45,80.83,83,98,7.43,overcast clouds
317,Mirnyy,RU,2020-09-03 20:55:05,62.54,113.96,44.6,81,3,4.47,clear sky
318,Beaver Dam,US,2020-09-03 20:50:10,43.46,-88.84,75.2,46,40,11.41,scattered clouds
319,Korla,CN,2020-09-03 20:55:06,41.76,86.15,84.0,48,93,8.01,overcast clouds
320,Ribera,IT,2020-09-03 20:55:06,37.5,13.26,71.01,76,0,7.0,clear sky
321,Porbandar,IN,2020-09-03 20:55:06,21.64,69.61,80.69,81,46,4.83,scattered clouds
322,Monteagudo,BO,2020-09-03 20:55:06,-19.82,-63.98,75.45,29,99,6.38,overcast clouds
323,Nome,US,2020-09-03 21:00:01,64.5,-165.41,45.0,75,75,10.29,broken clouds
324,Airai,TL,2020-09-03 21:04:41,-8.93,125.41,58.55,69,16,3.4,few clouds
325,Las Juntas,MX,2020-09-03 20:55:07,19.42,-104.7,89.6,75,40,11.41,scattered clouds
326,Singaraja,ID,2020-09-03 20:55:07,-8.11,115.09,78.96,78,50,2.73,scattered clouds
327,Tura,IN,2020-09-03 20:55:08,25.52,90.22,74.93,83,72,1.95,broken clouds
328,Mitsamiouli,KM,2020-09-03 20:55:08,-11.38,43.28,77.13,72,23,7.9,few clouds
329,Eirunepe,BR,2020-09-03 20:55:08,-6.66,-69.87,90.5,47,58,4.52,moderate rain
330,Polewali,ID,2020-09-03 20:55:08,-3.43,119.34,75.15,83,60,3.38,broken clouds
331,Mogadishu,SO,2020-09-03 20:55:09,2.04,45.34,76.64,76,9,17.74,clear sky
332,Izumo,JP,2020-09-03 20:53:50,35.37,132.77,75.2,88,75,1.12,broken clouds
333,Walvis Bay,NA,2020-09-03 21:01:43,-22.96,14.51,55.4,76,0,2.24,clear sky
334,Challakere,IN,2020-09-03 20:55:09,14.32,76.65,77.11,82,98,2.91,light rain
335,Paamiut,GL,2020-09-03 20:55:09,61.99,-49.67,46.35,80,100,25.95,moderate rain
336,Nioki,CD,2020-09-03 20:55:10,-2.72,17.68,76.71,83,31,1.97,light rain
337,Mtambile,TZ,2020-09-03 20:55:10,-5.38,39.7,75.4,79,4,12.48,clear sky
338,Quelimane,MZ,2020-09-03 20:55:10,-17.88,36.89,71.6,64,75,4.85,broken clouds
339,Aguimes,ES,2020-09-03 20:55:10,27.91,-15.45,73.4,78,20,16.11,few clouds
340,Pangkalanbuun,ID,2020-09-03 21:04:44,-2.68,111.62,74.82,97,97,1.59,overcast clouds
341,Kokopo,PG,2020-09-03 20:55:11,-4.35,152.26,78.82,77,100,4.61,overcast clouds
342,Hambantota,LK,2020-09-03 21:04:45,6.12,81.12,80.51,79,12,14.05,few clouds
343,Melfort,CA,2020-09-03 20:55:11,52.87,-104.62,62.6,42,20,21.92,few clouds
344,Manaira,BR,2020-09-03 20:53:04,-7.71,-38.15,75.36,54,69,11.36,broken clouds
345,Cairns,AU,2020-09-03 21:02:18,-16.92,145.77,69.8,88,75,9.17,light intensity shower rain
346,Togur,RU,2020-09-03 20:55:12,58.36,82.83,49.26,97,100,4.45,overcast clouds
347,Salamiyah,SY,2020-09-03 20:55:12,35.01,37.05,84.13,17,3,4.94,clear sky
348,Souillac,MU,2020-09-03 21:04:46,-20.52,57.52,66.2,72,20,9.17,few clouds
349,Ekhabi,RU,2020-09-03 21:04:46,53.51,142.97,53.89,96,100,12.39,light rain
350,Pokhara,NP,2020-09-03 20:55:13,28.23,83.98,70.34,84,84,0.45,broken clouds
351,San Quintin,MX,2020-09-03 21:04:46,30.48,-115.95,76.19,63,0,12.88,clear sky
352,Sayat,TM,2020-09-03 20:55:13,38.78,63.88,73.4,35,0,4.7,clear sky
353,Pasighat,IN,2020-09-03 20:55:14,28.07,95.33,77.18,78,73,2.62,broken clouds
354,Poum,NC,2020-09-03 21:04:47,-20.23,164.02,69.01,66,41,16.75,scattered clouds
355,Olafsvik,IS,2020-09-03 21:04:47,64.89,-23.71,44.76,73,46,27.96,scattered clouds
356,Ayan,RU,2020-09-03 20:55:14,56.45,138.17,52.95,89,100,5.91,overcast clouds
357,Novopokrovka,UA,2020-09-03 20:55:14,49.84,36.55,77.0,36,100,15.66,overcast clouds
358,Presidencia Roque Saenz Pena,AR,2020-09-03 21:04:48,-26.79,-60.44,69.73,43,0,3.8,clear sky
359,Abu Kamal,SY,2020-09-03 21:04:48,34.45,40.92,85.53,17,0,2.62,clear sky
360,Petatlan,MX,2020-09-03 20:55:15,17.52,-101.27,91.4,59,40,6.93,scattered clouds
361,Yumen,CN,2020-09-03 21:04:49,40.28,97.2,60.93,28,9,6.82,clear sky
362,Baiyin,CN,2020-09-03 20:55:15,36.56,104.21,62.01,81,0,6.71,clear sky
363,Salihorsk,BY,2020-09-03 20:55:16,52.79,27.54,59.72,69,100,5.06,light rain
364,Palmer,US,2020-09-03 21:04:49,42.16,-72.33,81.0,36,75,10.29,broken clouds
365,Nagua,DO,2020-09-03 20:52:18,19.38,-69.85,78.8,94,75,9.17,light rain
366,Marti,CU,2020-09-03 20:55:16,22.95,-80.92,91.4,55,40,9.17,scattered clouds
367,Vila Velha,BR,2020-09-03 20:55:16,-20.33,-40.29,80.01,69,20,14.99,few clouds
368,Francistown,BW,2020-09-03 20:55:17,-21.17,27.51,62.33,56,0,8.21,clear sky
369,North Platte,US,2020-09-03 20:55:17,41.12,-100.77,80.01,22,1,5.82,clear sky
370,Harper,LR,2020-09-03 21:04:50,4.38,-7.72,75.92,89,80,9.24,light rain
371,Labrea,BR,2020-09-03 20:53:04,-7.26,-64.8,91.26,40,87,2.26,overcast clouds
372,Mezen,RU,2020-09-03 21:04:51,65.85,44.24,46.72,90,66,5.39,broken clouds
373,Dwarka,IN,2020-09-03 20:52:09,22.24,68.97,81.36,76,99,6.26,overcast clouds
374,Littlehampton,GB,2020-09-03 20:55:18,50.81,-0.54,64.0,1,100,5.01,overcast clouds
375,Stabat,ID,2020-09-03 20:55:18,3.76,98.45,74.12,97,100,2.17,heavy intensity rain
376,Goure,NE,2020-09-03 20:55:18,13.98,10.27,82.96,59,83,5.73,broken clouds
377,Lagunas,PE,2020-09-03 20:55:19,-5.23,-75.68,90.68,47,67,3.13,broken clouds
378,Spirovo,RU,2020-09-03 20:55:19,57.42,34.98,58.66,82,98,8.68,overcast clouds
379,Marawi,PH,2020-09-03 20:55:19,8.0,124.29,75.0,92,96,7.0,overcast clouds
380,Laredo,US,2020-09-03 20:50:52,27.51,-99.51,100.4,33,1,5.82,clear sky
381,Imbituba,BR,2020-09-03 20:55:20,-28.24,-48.67,75.2,69,72,3.36,broken clouds
382,Talen,IN,2020-09-03 20:55:20,23.57,76.72,73.04,90,42,4.41,scattered clouds
383,Recco,IT,2020-09-03 20:55:20,44.36,9.14,71.6,73,0,5.82,clear sky
384,Jaru,BR,2020-09-03 20:55:20,-10.44,-62.47,99.21,20,32,7.11,scattered clouds
385,Manta,EC,2020-09-03 21:04:52,-0.95,-80.73,77.0,78,20,14.99,few clouds
386,Ostrovnoy,RU,2020-09-03 21:04:53,68.05,39.51,49.84,82,95,15.03,overcast clouds
387,Havre,FR,2020-09-03 20:55:21,49.58,0.33,66.2,88,90,6.93,overcast clouds
388,Sungaipenuh,ID,2020-09-03 20:55:21,-2.08,101.38,64.56,95,96,1.92,overcast clouds
389,Katsuura,JP,2020-09-03 21:04:53,35.13,140.3,82.0,90,18,11.18,few clouds
390,Gat,IL,2020-09-03 21:03:02,31.61,34.76,84.99,100,0,1.83,clear sky
391,Srednekolymsk,RU,2020-09-03 20:55:22,67.45,153.68,40.03,71,100,5.93,overcast clouds
392,Iralaya,HN,2020-09-03 20:55:22,15.0,-83.23,84.2,79,75,4.7,broken clouds
393,Tilichiki,RU,2020-09-03 20:55:22,60.47,166.1,44.73,82,13,22.28,few clouds
394,Flinders,AU,2020-09-03 20:51:15,-34.58,150.86,63.0,68,97,1.01,overcast clouds
395,Bonanza,NI,2020-09-03 20:55:23,14.03,-84.59,81.99,88,64,3.53,light rain
396,Robe,AU,2020-09-03 20:55:23,-37.18,139.75,55.56,68,100,15.1,overcast clouds
397,Lorengau,PG,2020-09-03 21:04:42,-2.02,147.27,82.62,76,100,5.55,overcast clouds
398,Codrington,AU,2020-09-03 21:04:55,-38.27,141.97,43.34,92,96,11.59,overcast clouds
399,Libertador General San Martin,AR,2020-09-03 20:55:23,-23.81,-64.79,73.99,35,0,3.0,clear sky
400,Birjand,IR,2020-09-03 20:55:24,32.87,59.22,66.2,22,0,9.17,clear sky
401,Kuminskiy,RU,2020-09-03 20:55:24,58.67,66.57,46.33,89,96,10.31,overcast clouds
402,Kautokeino,NO,2020-09-03 20:55:24,69.01,23.04,49.89,77,49,16.42,scattered clouds
403,Faanui,PF,2020-09-03 21:00:12,-16.48,-151.75,78.1,76,17,17.83,few clouds
404,Diu,IN,2020-09-03 20:55:25,20.71,70.98,78.39,86,2,6.38,clear sky
405,Husavik,IS,2020-09-03 21:01:51,66.04,-17.34,41.0,86,75,20.8,broken clouds
406,Cap Malheureux,MU,2020-09-03 21:04:56,-19.98,57.61,66.0,71,1,4.0,clear sky
407,Baoning,CN,2020-09-03 20:55:25,25.34,110.03,77.0,88,45,1.88,scattered clouds
408,Samsun,TR,2020-09-03 20:53:57,41.25,36.33,73.4,88,40,1.12,scattered clouds
409,Pangnirtung,CA,2020-09-03 21:04:56,66.15,-65.71,41.0,93,75,14.99,broken clouds
410,Saint Anthony,US,2020-09-03 21:04:57,45.02,-93.22,70.0,42,40,16.11,scattered clouds
411,Yokadouma,CM,2020-09-03 21:04:57,3.52,15.05,70.43,93,100,1.23,overcast clouds
412,Elat,IL,2020-09-03 20:55:26,29.56,34.95,98.6,42,0,11.41,clear sky
413,Buseresere,TZ,2020-09-03 20:55:26,-3.02,31.87,67.69,64,5,2.82,clear sky
414,Port Augusta,AU,2020-09-03 20:52:41,-32.5,137.77,43.0,87,99,5.82,overcast clouds
415,Necochea,AR,2020-09-03 21:04:58,-38.55,-58.74,57.0,58,0,7.0,clear sky
416,Turukhansk,RU,2020-09-03 20:55:27,65.82,87.98,44.33,82,10,6.42,clear sky
417,Bloomfield,US,2020-09-03 20:55:27,40.81,-74.19,86.0,48,90,5.82,overcast clouds
418,Silveira,PT,2020-09-03 20:55:27,39.11,-9.36,73.99,48,0,9.42,clear sky
419,Gorontalo,ID,2020-09-03 20:51:18,0.54,123.06,74.43,87,75,2.15,broken clouds
420,Sao Miguel Do Araguaia,BR,2020-09-03 20:55:28,-13.28,-50.16,88.54,22,72,3.15,broken clouds
421,Akyab,MM,2020-09-03 20:55:28,20.15,92.9,80.47,82,94,6.17,overcast clouds
422,Tadine,NC,2020-09-03 20:55:28,-21.55,167.88,66.83,66,100,19.13,overcast clouds
423,Manoel Urbano,BR,2020-09-03 20:55:28,-8.84,-69.26,94.77,36,55,1.7,broken clouds
424,Rucheng,CN,2020-09-03 20:55:29,32.39,120.56,77.0,71,12,5.17,light rain
425,Andijon,UZ,2020-09-03 20:55:29,40.78,72.34,60.8,55,0,6.71,clear sky
426,Orbetello,IT,2020-09-03 20:55:29,42.44,11.22,78.01,73,0,4.7,clear sky
427,Jalu,LY,2020-09-03 20:55:29,29.03,21.55,89.67,21,0,8.88,clear sky
428,Karratha,AU,2020-09-03 20:55:30,-20.74,116.85,69.13,27,10,5.35,clear sky
429,Yar-Sale,RU,2020-09-03 21:05:00,66.83,70.83,43.29,87,24,15.57,few clouds
430,Innisfail,AU,2020-09-03 20:55:30,-17.53,146.03,61.0,98,94,5.01,light rain
431,Chaiyaphum,TH,2020-09-03 20:55:30,15.75,102.0,77.47,86,57,3.24,broken clouds
432,Kaspiyskiy,RU,2020-09-03 20:55:31,45.39,47.37,73.87,59,17,10.76,few clouds
433,Manaus,BR,2020-09-03 20:50:45,-3.1,-60.02,82.4,78,40,2.24,scattered clouds
434,Sikonge,TZ,2020-09-03 20:55:31,-5.63,32.77,73.4,46,75,6.4,broken clouds
435,Kenai,US,2020-09-03 20:55:31,60.55,-151.26,55.99,76,40,10.29,scattered clouds
436,Rancharia,BR,2020-09-03 20:55:31,-22.23,-50.89,91.4,19,0,5.82,clear sky
437,Itaituba,BR,2020-09-03 20:51:07,-4.28,-55.98,96.8,41,20,11.41,few clouds
438,Canico,PT,2020-09-03 20:55:32,32.63,-16.85,73.4,64,75,12.75,broken clouds
439,West Bay,KY,2020-09-03 20:55:32,19.37,-81.42,89.01,79,20,15.55,few clouds
440,Mizan Teferi,ET,2020-09-03 20:55:33,6.98,35.58,60.26,87,33,2.13,scattered clouds
441,Were Ilu,ET,2020-09-03 20:55:33,10.6,39.43,51.94,89,47,3.36,light rain
442,Sechura,PE,2020-09-03 20:55:33,-5.56,-80.82,73.15,51,10,19.75,clear sky
443,Prince Rupert,CA,2020-09-03 20:55:34,54.32,-130.32,57.2,100,90,6.93,mist
444,Santa Ana,US,2020-09-03 20:52:04,33.75,-117.87,90.0,48,1,6.93,clear sky
445,Saint-Georges,GD,2020-09-03 20:55:34,12.06,-61.75,82.4,78,75,9.17,broken clouds
446,Coquimbo,CL,2020-09-03 21:05:03,-29.95,-71.34,60.8,63,0,13.87,clear sky
447,Portland,US,2020-09-03 21:04:17,45.52,-122.68,90.0,48,0,1.01,clear sky
448,Finschhafen,PG,2020-09-03 20:55:34,-6.6,147.87,78.82,79,95,9.33,overcast clouds
449,Ayaviri,PE,2020-09-03 20:55:35,-14.89,-70.59,63.86,26,96,10.89,overcast clouds
450,Roebourne,AU,2020-09-03 20:55:35,-20.78,117.13,71.38,24,4,7.0,clear sky
451,Okhotsk,RU,2020-09-03 21:05:04,59.38,143.3,52.72,82,100,4.47,overcast clouds
452,Raudeberg,NO,2020-09-03 20:55:35,61.99,5.14,57.0,88,100,13.2,overcast clouds
453,Santarem,BR,2020-09-03 20:55:11,-2.44,-54.71,87.8,66,69,9.17,broken clouds
454,Lata,PT,2020-09-03 21:05:04,40.16,-8.33,73.99,56,0,4.7,clear sky
455,Zhezkazgan,KZ,2020-09-03 20:55:36,47.8,67.71,55.96,57,0,12.84,clear sky
456,Tuatapere,NZ,2020-09-03 21:05:05,-46.13,167.68,45.0,72,100,11.01,overcast clouds
457,Hobyo,SO,2020-09-03 21:05:05,5.35,48.53,76.62,79,74,27.25,broken clouds
458,Vallenar,CL,2020-09-03 20:53:50,-28.57,-70.76,74.01,23,0,6.24,clear sky
459,Mordovo,RU,2020-09-03 20:55:37,52.08,40.77,61.25,38,51,13.04,broken clouds
460,Colomi,BO,2020-09-03 20:55:37,-17.35,-65.87,84.2,68,20,10.29,few clouds
461,Lusambo,CD,2020-09-03 20:55:37,-4.97,23.45,74.52,53,61,1.12,broken clouds
462,Riosucio,CO,2020-09-03 20:55:38,5.42,-75.7,78.8,57,40,4.7,scattered clouds
463,Xinqing,CN,2020-09-03 20:55:38,48.23,129.5,61.09,86,96,12.66,overcast clouds
464,Lasa,IT,2020-09-03 20:55:38,46.62,10.7,55.0,71,5,3.36,clear sky
465,Atar,MR,2020-09-03 20:50:56,20.52,-13.05,96.62,17,10,1.59,clear sky
466,Toamasina,MG,2020-09-03 20:55:38,-18.17,49.38,66.2,93,75,8.05,shower rain
467,Santa Fe,AR,2020-09-03 20:55:39,-31.63,-60.7,57.99,72,74,0.96,broken clouds
468,Hirara,JP,2020-09-03 20:55:39,24.8,125.28,83.39,78,100,8.25,heavy intensity rain
469,Katiola,CI,2020-09-03 20:55:39,8.13,-5.1,75.2,100,40,4.7,scattered clouds
470,Ossora,RU,2020-09-03 21:05:07,59.24,163.07,50.99,63,15,15.7,few clouds
471,Nyamuswa,TZ,2020-09-03 20:55:40,-1.9,34.02,71.02,57,81,4.56,broken clouds
472,Cuxhaven,DE,2020-09-03 20:55:40,53.87,8.69,60.8,93,75,12.75,mist
473,Chapais,CA,2020-09-03 21:05:07,49.78,-74.85,64.4,59,90,12.75,overcast clouds
474,Anito,PH,2020-09-03 20:55:40,12.45,125.29,78.04,85,89,3.96,overcast clouds
475,Igualada,ES,2020-09-03 20:55:40,41.58,1.62,69.01,77,11,1.01,few clouds
476,Nishihara,JP,2020-09-03 21:05:08,26.18,127.76,80.6,100,20,6.93,few clouds
477,Makakilo City,US,2020-09-03 20:55:41,21.35,-158.09,84.2,58,1,8.05,clear sky
478,Hami,CN,2020-09-03 21:05:08,42.8,93.45,75.72,18,70,3.2,broken clouds
479,Sioux Lookout,CA,2020-09-03 20:55:41,50.1,-91.92,50.0,87,75,11.41,broken clouds
480,Aljezur,PT,2020-09-03 20:55:42,37.32,-8.8,66.99,61,0,1.01,clear sky
481,Kruisfontein,ZA,2020-09-03 20:55:42,-34.0,24.73,64.0,59,52,8.99,broken clouds
482,Neryungri,RU,2020-09-03 20:55:42,56.67,124.65,46.9,79,99,2.75,overcast clouds
483,Aykhal,RU,2020-09-03 20:55:43,66.0,111.5,46.4,87,75,4.47,broken clouds
484,Bazarnyye Mataki,RU,2020-09-03 20:55:43,54.88,49.93,48.65,85,0,5.5,clear sky
485,Auki,SB,2020-09-03 21:05:09,-8.77,160.7,81.32,78,96,6.17,light rain
486,Riyadh,SA,2020-09-03 21:03:56,24.69,46.72,87.8,22,0,2.24,clear sky
487,Ancud,CL,2020-09-03 21:05:10,-41.87,-73.82,51.01,67,0,4.0,clear sky
488,Moskovskiy,RU,2020-09-03 20:55:44,55.6,37.35,64.0,51,100,8.95,overcast clouds
489,Conceicao Do Araguaia,BR,2020-09-03 21:05:10,-8.26,-49.26,93.25,18,25,3.8,scattered clouds
490,Vostok,RU,2020-09-03 20:55:44,46.49,135.88,61.29,89,0,7.72,clear sky
491,Kamenka,RU,2020-09-03 21:05:11,51.32,42.77,56.53,48,0,11.39,clear sky
492,Qaqortoq,GL,2020-09-03 21:05:11,60.72,-46.03,50.0,43,100,3.36,moderate rain
493,Bucak,TR,2020-09-03 20:55:45,37.46,30.59,82.4,31,0,4.7,clear sky
494,Zhigansk,RU,2020-09-03 21:05:12,66.77,123.37,48.02,96,72,13.49,broken clouds
495,Takaka,NZ,2020-09-03 21:05:12,-40.85,172.8,48.0,91,38,0.89,scattered clouds
496,Ladozhskaya,RU,2020-09-03 20:55:46,45.31,39.94,80.6,51,83,8.95,broken clouds
497,Chernyshevskiy,RU,2020-09-03 21:05:12,63.01,112.47,41.97,94,64,4.94,broken clouds
498,Flin Flon,CA,2020-09-03 20:55:46,54.77,-101.86,53.6,58,75,18.34,broken clouds
499,North Bend,US,2020-09-03 21:05:13,43.41,-124.22,80.01,77,1,11.41,clear sky
500,Beringovskiy,RU,2020-09-03 21:05:13,63.05,179.32,47.95,72,94,13.18,overcast clouds
501,Bonfim,BR,2020-09-03 20:51:07,3.08,-59.95,86.88,66,33,5.82,scattered clouds
502,Mayo,US,2020-09-03 21:05:13,38.89,-76.51,89.6,70,1,16.11,clear sky
503,Garowe,SO,2020-09-03 20:55:47,8.41,48.48,76.96,59,65,26.66,broken clouds
504,Licata,IT,2020-09-03 20:55:47,37.11,13.95,75.2,69,31,3.36,scattered clouds
505,Kang,BW,2020-09-03 21:05:14,-23.68,22.79,71.69,34,49,8.68,scattered clouds
506,Iskateley,RU,2020-09-03 20:55:48,67.68,53.15,45.64,90,7,6.29,clear sky
507,Phuket,TH,2020-09-03 20:55:48,8.0,98.25,84.99,94,75,6.93,light rain
508,Xuddur,SO,2020-09-03 21:04:22,4.12,43.89,73.44,65,95,20.58,overcast clouds
509,Atasu,KZ,2020-09-03 20:55:48,48.68,71.64,51.03,67,18,16.13,few clouds
510,Piacabucu,BR,2020-09-03 20:55:49,-10.41,-36.43,74.1,78,25,10.33,scattered clouds
511,Veraval,IN,2020-09-03 20:53:04,20.9,70.37,79.65,84,15,5.5,few clouds
512,Anori,BR,2020-09-03 20:55:49,-3.77,-61.64,91.54,43,78,2.95,broken clouds
513,Afogados Da Ingazeira,BR,2020-09-03 20:55:49,-7.75,-37.64,78.66,53,74,13.76,broken clouds
514,Cayenne,GF,2020-09-03 21:02:32,4.93,-52.33,86.0,66,0,12.75,light rain
515,Brookhaven,US,2020-09-03 20:55:50,31.58,-90.44,93.0,65,0,2.77,clear sky
516,Aklavik,CA,2020-09-03 21:05:16,68.22,-135.01,51.8,87,75,5.82,broken clouds
517,Ler,SS,2020-09-03 20:55:50,8.3,30.14,71.06,93,27,0.49,scattered clouds
518,Abu Samrah,SY,2020-09-03 20:55:50,35.3,37.18,88.56,14,2,7.34,clear sky
519,Lufilufi,WS,2020-09-03 20:55:51,-13.87,-171.6,87.8,70,75,3.36,broken clouds
520,Iquique,CL,2020-09-03 20:52:29,-20.22,-70.14,60.8,59,4,13.87,clear sky
521,Kapuskasing,CA,2020-09-03 20:55:51,49.42,-82.43,66.2,55,75,39.15,broken clouds
522,Kokkola,FI,2020-09-03 20:55:51,63.84,23.13,57.99,100,90,5.82,overcast clouds
523,Kalmunai,LK,2020-09-03 20:55:52,7.42,81.82,80.1,83,86,4.52,overcast clouds
524,Entre Rios,BR,2020-09-03 20:55:52,-11.94,-38.08,69.78,85,25,5.19,scattered clouds
525,Kangaatsiaq,GL,2020-09-03 20:55:52,68.31,-53.46,42.48,64,0,19.1,clear sky
526,Dawei,MM,2020-09-03 20:55:52,14.08,98.2,77.77,88,90,2.24,overcast clouds
527,Bandarbeyla,SO,2020-09-03 20:55:53,9.49,50.81,76.08,81,55,20.47,broken clouds
528,Bengkulu,ID,2020-09-03 21:04:40,-3.8,102.27,75.97,89,86,5.53,light rain
529,Adre,TD,2020-09-03 20:55:53,13.47,22.2,74.95,63,98,8.68,overcast clouds
530,Nanzhang,CN,2020-09-03 20:55:53,31.78,111.84,70.61,54,12,3.15,light rain
531,Masvingo,ZW,2020-09-03 20:55:54,-20.06,30.83,58.12,66,0,5.19,clear sky
532,Danville,US,2020-09-03 20:53:42,36.59,-79.39,91.99,49,20,10.29,few clouds
533,Turbat,PK,2020-09-03 20:55:54,26.0,63.04,84.56,50,5,3.33,clear sky
534,Ko Samui,TH,2020-09-03 20:55:54,9.54,99.94,83.03,76,86,13.22,overcast clouds
535,Alpena,US,2020-09-03 21:05:18,45.06,-83.43,71.01,77,75,13.87,broken clouds
536,Belmonte,BR,2020-09-03 20:52:07,-15.86,-38.88,73.4,78,20,3.36,few clouds
537,Ouadda,CF,2020-09-03 21:05:19,8.08,22.4,69.62,92,100,0.56,overcast clouds
538,Melfi,IT,2020-09-03 20:55:55,41.0,15.65,73.4,60,40,8.05,scattered clouds
539,Dubbo,AU,2020-09-03 20:55:55,-32.25,148.62,50.0,81,27,5.82,scattered clouds
540,Sidi Ali,DZ,2020-09-03 20:55:55,36.1,0.42,69.69,77,0,9.91,clear sky
541,Carahue,CL,2020-09-03 20:55:56,-38.7,-73.17,53.6,62,40,14.99,scattered clouds
542,Sambava,MG,2020-09-03 21:05:20,-14.27,50.17,69.44,81,8,14.32,clear sky
543,Launceston,AU,2020-09-03 20:55:56,-41.45,147.17,46.0,81,40,13.87,scattered clouds
544,College,US,2020-09-03 21:05:20,64.86,-147.8,59.0,67,40,4.7,scattered clouds
545,Dunda,TZ,2020-09-03 20:55:56,-8.12,34.25,59.94,73,9,2.01,clear sky
546,Bobo Dioulasso,BF,2020-09-03 20:55:57,11.18,-4.3,75.2,100,20,4.7,thunderstorm
547,The Valley,AI,2020-09-03 21:05:20,18.22,-63.06,87.8,66,20,12.75,few clouds
548,Talnakh,RU,2020-09-03 21:05:21,69.49,88.4,41.0,93,88,24.61,overcast clouds
549,Nador,MA,2020-09-03 20:55:57,35.17,-2.93,77.0,73,40,9.17,scattered clouds
550,San Matias,BO,2020-09-03 20:55:58,-16.37,-58.4,97.2,16,22,3.36,few clouds
551,Provideniya,RU,2020-09-03 21:05:21,64.38,-173.3,46.4,61,97,4.47,overcast clouds
552,Coromandel,BR,2020-09-03 20:55:58,-18.47,-47.2,74.1,32,85,4.0,overcast clouds
553,Matadi,CD,2020-09-03 20:55:58,-5.82,13.45,77.16,67,84,8.21,broken clouds
554,Warri,NG,2020-09-03 20:55:58,5.52,5.75,76.6,87,100,5.21,overcast clouds
555,Vardo,NO,2020-09-03 21:01:27,70.37,31.11,55.4,76,42,2.24,scattered clouds
556,Yuanping,CN,2020-09-03 20:55:59,38.72,112.76,52.34,48,1,1.21,clear sky
557,Krasnovishersk,RU,2020-09-03 20:55:59,60.41,57.08,38.95,92,75,3.02,broken clouds
558,Oistins,BB,2020-09-03 20:51:35,13.07,-59.53,80.6,83,75,10.29,light rain
559,Ust-Nera,RU,2020-09-03 20:55:59,64.57,143.2,48.56,75,59,2.91,broken clouds
560,Termoli,IT,2020-09-03 20:56:00,41.99,14.99,71.56,65,1,7.76,clear sky
561,Morondava,MG,2020-09-03 20:56:00,-20.28,44.28,70.9,68,0,8.43,clear sky
562,Sidi Bin Nur,TN,2020-09-03 20:56:00,35.53,10.92,77.0,73,20,13.87,few clouds
563,Pimentel,PE,2020-09-03 20:56:01,-6.84,-79.93,69.8,56,0,20.8,clear sky
564,Bilma,NE,2020-09-03 21:01:54,18.69,12.92,91.08,41,71,15.35,broken clouds
565,Iracoubo,GF,2020-09-03 20:56:01,5.48,-53.2,81.93,76,12,11.68,few clouds
566,Karema,TZ,2020-09-03 20:56:01,-6.82,30.44,75.42,45,0,3.6,clear sky
567,Hammerfest,NO,2020-09-03 21:05:24,70.66,23.68,59.0,62,0,17.22,clear sky
568,Zhangjiakou,CN,2020-09-03 21:05:24,40.81,114.88,54.61,55,0,4.03,clear sky
569,Bilibino,RU,2020-09-03 21:04:29,68.05,166.44,35.08,81,32,4.0,scattered clouds
570,Orapa,BW,2020-09-03 21:05:24,-21.28,25.37,68.5,41,0,12.59,clear sky
571,Zeya,RU,2020-09-03 21:05:25,53.75,127.27,55.22,91,100,10.45,moderate rain
572,Jacobina,BR,2020-09-03 20:51:08,-11.18,-40.52,73.78,54,85,8.01,overcast clouds
573,Commerce,US,2020-09-03 20:56:02,34.0,-118.16,91.0,54,1,3.36,clear sky
574,Kuryk,KZ,2020-09-03 20:56:03,43.2,51.65,78.51,31,83,10.31,broken clouds
575,Khromtau,KZ,2020-09-03 20:56:03,50.25,58.43,51.93,61,0,8.5,clear sky
576,Canutama,BR,2020-09-03 20:54:04,-6.53,-64.38,92.8,38,70,0.98,broken clouds
577,Elliot Lake,CA,2020-09-03 20:56:04,46.38,-82.63,68.0,77,40,32.21,scattered clouds
578,Inuvik,CA,2020-09-03 20:52:43,68.35,-133.72,53.6,81,75,4.7,shower rain
579,Labuhan,ID,2020-09-03 21:05:26,-6.88,112.21,77.74,85,42,7.23,scattered clouds
580,Mweka,CD,2020-09-03 21:05:26,-4.85,21.57,73.56,65,8,1.1,clear sky
581,Tuy Hoa,VN,2020-09-03 20:56:04,13.08,109.3,77.22,88,79,3.36,broken clouds
582,Tucumcari,US,2020-09-03 20:56:04,35.17,-103.72,91.4,21,1,24.16,clear sky
583,Salym,RU,2020-09-03 20:56:05,60.06,71.48,46.22,90,100,11.25,overcast clouds
584,Malakal,SS,2020-09-03 20:56:05,9.53,31.66,70.18,93,99,1.72,overcast clouds
585,La Ronge,CA,2020-09-03 21:05:27,55.1,-105.28,59.0,44,20,21.92,few clouds
586,Gomel,BY,2020-09-03 20:56:05,52.43,30.98,64.4,93,90,8.95,light intensity shower rain
587,Candido Mendes,BR,2020-09-03 20:56:06,-1.45,-45.72,79.14,75,64,5.86,broken clouds
588,Rivadavia,AR,2020-09-03 20:56:06,-33.19,-68.46,68.0,22,0,3.36,clear sky
589,Ishigaki,JP,2020-09-03 20:56:06,24.34,124.16,83.97,78,100,8.68,light rain
590,Hasaki,JP,2020-09-03 21:05:28,35.73,140.83,79.0,94,20,3.36,few clouds
591,Crucea,RO,2020-09-03 20:56:07,44.53,28.23,73.4,73,100,8.05,light rain
592,Tongzi,CN,2020-09-03 20:56:07,28.78,105.09,74.66,91,88,1.05,overcast clouds
593,Farah,AF,2020-09-03 20:56:07,32.5,62.5,63.45,27,0,4.32,clear sky
594,Elko,US,2020-09-03 20:56:07,41.0,-115.5,91.99,10,1,8.05,clear sky
595,Tabou,CI,2020-09-03 21:05:29,4.42,-7.35,75.7,89,94,9.75,light rain
596,Seoul,KR,2020-09-03 21:03:49,37.57,126.98,71.6,64,1,3.36,clear sky
597,Kambove,CD,2020-09-03 20:56:08,-10.88,26.6,62.65,48,12,4.68,few clouds
598,De-Kastri,RU,2020-09-03 20:56:08,51.47,140.78,62.11,93,100,7.49,overcast clouds
599,Severo-Yeniseyskiy,RU,2020-09-03 20:56:09,60.37,93.04,53.67,95,100,9.91,overcast clouds
600,Ambon,ID,2020-09-03 20:56:09,-3.7,128.18,75.2,100,75,2.24,broken clouds
601,Angoram,PG,2020-09-03 20:56:09,-4.06,144.07,74.62,98,99,1.52,overcast clouds
602,Ken Caryl,US,2020-09-03 20:55:37,39.58,-105.12,87.01,19,10,1.99,clear sky
603,Impfondo,CG,2020-09-03 20:56:10,1.64,18.07,75.69,73,59,1.23,broken clouds
604,Songea,TZ,2020-09-03 20:56:10,-10.68,35.65,66.2,68,40,3.6,scattered clouds
605,Eureka,US,2020-09-03 21:03:38,40.8,-124.16,64.0,87,90,5.82,mist
606,Masallatah,LY,2020-09-03 20:56:10,32.62,14.0,75.34,91,29,14.85,scattered clouds
607,Green River,US,2020-09-03 20:56:11,41.53,-109.47,80.6,13,1,11.41,clear sky
608,Nuuk,GL,2020-09-03 21:02:08,64.18,-51.72,48.2,45,75,2.24,broken clouds
609,Alofi,NU,2020-09-03 21:05:31,-19.06,-169.92,78.8,88,75,6.93,broken clouds
610,Alugan,PH,2020-09-03 21:05:31,12.22,125.48,77.77,87,100,4.9,overcast clouds
611,Axim,GH,2020-09-03 20:56:11,4.87,-2.24,75.42,88,68,8.28,broken clouds
612,Zhuanghe,CN,2020-09-03 20:56:12,39.7,122.99,63.0,89,89,9.71,moderate rain
613,Dakar,SN,2020-09-03 20:56:12,14.69,-17.44,80.6,88,75,13.87,broken clouds
614,Botou,CN,2020-09-03 20:56:12,38.07,116.57,61.25,61,1,7.7,clear sky
615,Afua,BR,2020-09-03 21:05:32,-0.16,-50.39,83.28,73,39,8.32,scattered clouds
616,Lumeje,AO,2020-09-03 20:56:13,-11.55,20.78,74.23,21,0,5.03,clear sky
617,Tessalit,ML,2020-09-03 20:56:13,20.2,1.01,86.77,40,100,5.99,overcast clouds
618,Birao,CF,2020-09-03 20:56:13,10.28,22.79,72.66,93,100,1.7,overcast clouds
619,Joao Pinheiro,BR,2020-09-03 20:52:04,-17.74,-46.17,75.74,30,56,3.31,broken clouds
620,Wilmington,US,2020-09-03 21:05:32,34.23,-77.94,96.8,47,40,14.99,scattered clouds
621,Bom Jesus,BR,2020-09-03 20:56:14,-9.07,-44.36,87.08,31,50,7.43,scattered clouds
622,Safaga,EG,2020-09-03 20:56:14,26.73,33.94,91.4,26,0,6.93,clear sky
623,Ndende,GA,2020-09-03 20:56:14,-2.4,11.36,75.47,81,100,4.12,light rain
624,Panzhihua,CN,2020-09-03 20:56:15,26.59,101.71,74.79,62,98,0.43,overcast clouds
625,Young,UY,2020-09-03 20:56:15,-32.68,-57.63,55.0,75,95,4.21,overcast clouds
626,Mehamn,NO,2020-09-03 20:56:15,71.04,27.85,60.8,55,0,20.8,clear sky
627,El Dorado,US,2020-09-03 20:56:15,33.21,-92.67,84.2,79,20,3.36,few clouds
628,Benghazi,LY,2020-09-03 21:05:34,32.12,20.07,79.09,75,0,18.59,clear sky
629,Constitucion,CL,2020-09-03 21:05:34,-35.33,-72.42,54.37,72,26,12.48,scattered clouds
630,Matagami,CA,2020-09-03 20:56:16,49.75,-77.63,64.4,68,90,14.27,overcast clouds
631,Kirakira,SB,2020-09-03 21:05:35,-10.45,161.92,81.27,81,80,17.29,light rain
632,Williams Lake,CA,2020-09-03 20:56:16,52.14,-122.14,59.0,82,75,4.7,broken clouds
633,Khorramabad,IR,2020-09-03 20:56:17,33.49,48.36,77.0,23,20,4.7,heavy intensity rain
634,Arman,RU,2020-09-03 20:56:17,59.7,150.17,52.97,60,2,2.66,clear sky
635,Atambua,ID,2020-09-03 20:56:17,-9.11,124.89,68.92,81,28,3.83,scattered clouds
636,Talcahuano,CL,2020-09-03 21:05:36,-36.72,-73.12,53.6,71,75,8.05,broken clouds
637,Vila Franca Do Campo,PT,2020-09-03 21:05:36,37.72,-25.43,73.4,73,75,4.68,broken clouds
638,Sturgeon Falls,CA,2020-09-03 20:56:18,46.36,-79.93,75.99,53,75,18.34,broken clouds
639,Sola,VU,2020-09-03 20:56:18,-13.88,167.55,77.38,78,100,28.07,overcast clouds
640,San Pedro,PH,2020-09-03 20:56:18,14.35,121.02,82.4,78,100,3.36,overcast clouds
641,Abdanan,IR,2020-09-03 20:56:18,32.99,47.42,82.31,17,0,7.43,clear sky
642,Marsh Harbour,BS,2020-09-03 20:56:19,26.54,-77.06,85.44,72,73,11.86,broken clouds
643,Calvinia,ZA,2020-09-03 20:56:19,-31.47,19.78,59.09,32,3,5.44,clear sky
644,Port Lincoln,AU,2020-09-03 21:05:37,-34.73,135.87,52.59,79,83,10.42,broken clouds
645,Paita,PE,2020-09-03 20:56:19,-5.09,-81.11,66.67,68,40,20.31,scattered clouds
646,Rabaul,PG,2020-09-03 20:56:20,-4.2,152.17,80.46,77,100,5.73,overcast clouds
647,Nelson Bay,AU,2020-09-03 21:05:38,-32.72,152.15,57.99,87,64,3.33,broken clouds
648,Ambulu,ID,2020-09-03 20:56:20,-8.35,113.61,75.36,90,27,4.99,scattered clouds
649,Corrales,US,2020-09-03 20:56:20,35.24,-106.61,96.01,11,1,6.93,clear sky
650,Filadelfia,US,2020-09-03 20:55:38,39.95,-75.16,89.01,58,75,8.05,broken clouds
651,Yenotayevka,RU,2020-09-03 20:56:21,47.25,47.03,72.0,64,0,12.37,clear sky
652,Verkhnyaya Inta,RU,2020-09-03 20:56:21,65.98,60.31,45.21,95,100,11.41,light rain
653,Marzuq,YE,2020-09-03 20:56:21,14.4,46.47,80.2,35,0,3.24,clear sky
654,Benguela,AO,2020-09-03 21:05:39,-12.58,13.41,70.66,86,77,4.05,broken clouds
655,Nanortalik,GL,2020-09-03 21:05:39,60.14,-45.24,45.63,84,100,14.2,moderate rain
656,High Level,CA,2020-09-03 20:56:22,58.52,-117.14,60.8,72,75,5.82,broken clouds
657,Medvedka,RU,2020-09-03 20:56:22,61.16,46.39,50.43,89,97,3.74,light rain
658,Grand Gaube,MU,2020-09-03 20:56:22,-20.01,57.66,66.0,75,2,3.0,clear sky
659,Amga,RU,2020-09-03 20:56:23,60.9,131.96,49.62,85,100,3.09,overcast clouds
660,Laem Sing,TH,2020-09-03 20:56:23,12.48,102.07,84.0,90,100,0.92,overcast clouds
661,Zelezna Ruda,CZ,2020-09-03 20:56:23,49.14,13.24,57.99,80,98,4.92,overcast clouds
662,Riobamba,EC,2020-09-03 20:56:24,-1.67,-78.63,69.8,63,75,4.7,broken clouds
663,Zelenogorskiy,RU,2020-09-03 20:56:24,55.03,87.0,51.8,93,90,11.18,overcast clouds
664,Manzanillo,CU,2020-09-03 20:56:24,20.34,-77.12,89.15,67,70,8.97,broken clouds
665,San Rafael Del Sur,NI,2020-09-03 20:56:24,11.85,-86.44,91.4,52,40,9.17,scattered clouds
666,Kavaratti,IN,2020-09-03 21:05:41,10.57,72.64,82.0,78,100,9.98,overcast clouds
667,Onega,RU,2020-09-03 20:56:25,63.91,38.14,50.67,88,6,8.39,clear sky
668,Vadso,NO,2020-09-03 20:56:25,70.07,29.75,57.2,76,1,2.24,clear sky
669,Narsimhapur,IN,2020-09-03 20:56:25,22.95,79.2,75.13,89,61,2.68,broken clouds
670,Merauke,ID,2020-09-03 20:56:26,-8.47,140.33,77.65,83,99,16.11,overcast clouds
671,Alice Springs,AU,2020-09-03 21:01:42,-23.7,133.88,53.6,37,25,5.44,scattered clouds
672,Minokamo,JP,2020-09-03 20:56:26,35.48,137.02,78.01,87,91,3.29,overcast clouds
673,Honningsvag,NO,2020-09-03 21:00:43,70.98,25.97,55.4,71,0,13.87,clear sky
674,Weligama,LK,2020-09-03 20:55:24,5.97,80.42,79.03,87,21,10.27,few clouds
675,San Felipe,VE,2020-09-03 20:56:27,10.34,-68.74,82.89,69,21,2.51,few clouds
676,Rach Gia,VN,2020-09-03 20:56:27,10.02,105.08,82.17,80,24,9.46,few clouds
677,Pangody,RU,2020-09-03 20:52:15,65.85,74.49,44.64,85,82,17.85,broken clouds
678,San Anselmo,US,2020-09-03 20:56:28,37.97,-122.56,75.2,53,1,10.29,clear sky
679,Mandalgovi,MN,2020-09-03 21:05:44,45.76,106.27,52.3,62,0,11.9,clear sky
680,Shuyskoye,RU,2020-09-03 20:56:28,59.37,41.03,54.7,68,98,6.89,overcast clouds
681,Burien,US,2020-09-03 20:56:28,47.47,-122.35,82.99,39,1,12.75,clear sky
682,Kiomboi,TZ,2020-09-03 20:56:29,-4.27,34.37,64.22,53,8,11.27,clear sky
683,Kasongo-Lunda,CD,2020-09-03 21:05:45,-6.47,16.82,79.43,58,97,1.3,overcast clouds
684,Gravdal,NO,2020-09-03 20:56:29,68.12,13.5,62.6,51,0,11.41,clear sky
685,Soyo,AO,2020-09-03 20:56:29,-6.13,12.37,73.02,86,61,10.56,broken clouds
686,Dolinsk,RU,2020-09-03 20:56:30,47.35,142.8,60.8,93,75,8.95,broken clouds
687,Jonkoping,SE,2020-09-03 20:55:22,57.78,14.16,55.4,87,95,3.36,overcast clouds
688,Sao Jose Da Coroa Grande,BR,2020-09-03 21:05:46,-8.9,-35.15,74.84,79,70,10.42,broken clouds
689,Raymondville,US,2020-09-03 20:56:30,26.48,-97.78,100.4,33,40,11.41,scattered clouds
